거래일,년,월,일,통장 구분,적요,거래처,입금,출금,계정과목,비용 성격
2023-10-30,2023,10,30,47604,인증서발급수수료납부,하나은행,,"4,400",지급수수료,고정비
2023-10-30,2023,10,30,47604,인증서발급수수료납부,하나은행,,"4,400",지급수수료,고정비
2023-10-30,2023,10,30,47604,김민수,김민수,"100,000,000",,자본금,
2023-11-03,2023,11,3,47604,급여이체_20231103_01,임직원,,"27,980,790",급여,고정비
2023-11-07,2023,11,7,47604,유니언타운_보증금,유니언타운,,"8,100,500",보증금,
2023-11-08,2023,11,8,47604,근로소득세(갑),세무서,,"4,109,740",세금과공과,고정비
2023-11-08,2023,11,8,47604,서울시지방세,구청,,"410,970",세금과공과,고정비
2023-11-08,2023,11,8,47604,유니언타운_11월,유니언타운,,"4,455,500",지급임차료,고정비
2023-11-16,2023,11,16,47604,최철민(최앤리 법률,최앤리 법률사무소,,"5,500,500",지급수수료,고정비
2023-11-24,2023,11,24,47604,급여이체_20231123_01,임직원,,"17,047,662",급여,고정비
2023-12-01,2023,12,1,47604,미지급금_사무실비용_유니온타,유니언타운,,"440,500",지급임차료,고정비
2023-12-01,2023,12,1,47604,개인비용정산 (법인 설립등기 수수료 납부 건)_이성준,임직원,,"1,766,300",지급수수료,고정비
2023-12-01,2023,12,1,47604,하나카드기업,하나카드,,"40,000",법인카드,변동비
2023-12-06,2023,12,6,47604,KR-GOOGLE,KR-GOOGLE,187,,잡이익,
2023-12-08,2023,12,8,47604,유니언타운_12월_505,유니언타운,,"2,475,500",지급임차료,고정비
2023-12-08,2023,12,8,47604,유니언타운_12월_504,유니언타운,,"1,980,500",지급임차료,고정비
2023-12-11,2023,12,11,47604,근로소득세(갑),세무서,,"5,791,710",세금과공과,고정비
2023-12-11,2023,12,11,47604,서울시지방세,구청,,"579,150",세금과공과,고정비
2023-12-11,2023,12,11,47604,2311국민연금,국민연금,,"1,592,800",세금과공과,고정비
2023-12-11,2023,12,11,47604,2311국민건강,건강보험,,"2,535,360",복리후생비,변동비
2023-12-12,2023,12,12,47604,최철민(최앤리 법률,최앤리 법률사무소,,"443,500",지급수수료,고정비
2023-12-12,2023,12,12,47604,최철민(최앤리 법률,최앤리 법률사무소,,"837,600",지급수수료,고정비
2023-12-15,2023,12,15,47604,포티에서초_계약금,포티에서초,,"9,000,000",보증금,
2023-12-16,2023,12,16,47604,이자수익,하나은행,"5,927",,이자수익,
2023-12-19,2023,12,19,47604,급여이체_202311_2,임직원,,"25,958,330",급여,고정비
2023-12-19,2023,12,19,47604,포티에서초_보증금,포티에서초,,"48,930,000",보증금,
2023-12-19,2023,12,19,47604,네오위즈,네오위즈,"300,000,000",,단기대여금,
2023-12-22,2023,12,22,47604,Matonee Inc. (Aptos) 투자금 환전 후 잔액 송금 수수료 (하나은행),해외송금수수료,,"59,296",지급수수료,고정비
2023-12-22,2023,12,22,47604,HNB_?????????_KO 2,임직원,,"66,628,817",급여,고정비
2023-12-22,2023,12,22,47604,(주)컴퓨존,컴퓨존,,"41,069,360",비품,변동비
2023-12-22,2023,12,22,47604,"비품 구매 (모니터 18대 - Dell U2722D 4ea, LG 27QN600 14ea)",알비언(주),,"2,200,500",소모품비,변동비
2023-12-22,2023,12,22,47604,소프트웨어키(이준명),소프트웨어키(이준명),,"480,500",소모품비,변동비
2023-12-26,2023,12,26,47604,하나카드결제,하나카드,,"5,663,809",법인카드,변동비
2023-12-28,2023,12,28,52604,Matonee Inc. (Aptos Labs) 투자금 입금,Aptos Labs,"2,000,068,572",,자본금,
2023-12-28,2023,12,28,47604,"12월 외주용역비 (이아름, 이솔, 이정원)",사업소득자,,"6,577,100",사업소득,변동비
2023-12-29,2023,12,29,47604,"식대 (고상원, 이규상)",한가람,,"17,000",복리후생비,변동비
2023-12-29,2023,12,29,47604,커피나인강남역2,커피나인강남역2,,"6,300",복리후생비,변동비
2023-12-29,2023,12,29,47604,(주)보영만두패밀,(주)보영만두패밀,,"26,000",복리후생비,변동비
2023-12-29,2023,12,29,47604,사무실 HDMI-DP 케이블 (12ea 구매),컴플러스,,"120,000",소모품비,변동비
2023-12-29,2023,12,29,47604,오피스 세팅 주차비 지원 (고상원님),포티에서초,,"44,000",여비교통비,변동비
2024-01-02,2024,1,2,47604,KFC서초동,KFC서초동,,"32,000",복리후생비,변동비
2024-01-02,2024,1,2,47604,롯데슈퍼서초국제,롯데슈퍼서초국제,,"31,700",복리후생비,변동비
2024-01-02,2024,1,2,47604,가습기(공기청정) 2개 구매,주식회사 버킷플레이스,,"2,788,888",비품,변동비
2024-01-02,2024,1,2,47604,전자레인지 구매 (사무실),주식회사 버킷플레이스,,"93,000",소모품비,변동비
2024-01-03,2024,1,3,47604,최철민(최앤리 법률,최앤리 법률사무소,,"187,740",지급수수료,고정비
2024-01-03,2024,1,3,47604,최철민(최앤리 법률,최앤리 법률사무소,,"246,020",지급수수료,고정비
2024-01-03,2024,1,3,47604,펜타블렛 (PTH-660 2ea 구매),컴퓨존,,"691,000",소모품비,변동비
2024-01-04,2024,1,4,47604,충무식당,충무식당,,"16,000",복리후생비,변동비
2024-01-04,2024,1,4,47604,강남밥상,강남밥상,,"54,000",복리후생비,변동비
2024-01-04,2024,1,4,47604,쿠팡_KICC,쿠팡,,"3,036,980",비품,변동비
2024-01-04,2024,1,4,47604,쿠팡_KICC,쿠팡,,"6,500",소모품비,변동비
2024-01-04,2024,1,4,47604,모니터받침대 (36ea 구매),네이버파이낸셜㈜,,"1,224,000",소모품비,변동비
2024-01-04,2024,1,4,47604,미국 출장 항공권 (이성준),대한항공,,"3,133,400",여비교통비,변동비
2024-01-04,2024,1,4,47604,미국 출장 항공권 (이규상),대한항공,,"3,133,400",여비교통비,변동비
2024-01-05,2024,1,5,47604,최철민(최앤리 법률,최앤리 법률사무소,,"33,500",지급수수료,고정비
2024-01-05,2024,1,5,47604,최철민(최앤리 법률,최앤리 법률사무소,,"30,500",지급수수료,고정비
2024-01-06,2024,1,6,47604,일본 출장 항공권 (고정환),대한항공,,"804,000",여비교통비,변동비
2024-01-06,2024,1,6,47604,일본 출장 항공권 (이성준),대한항공,,"754,800",여비교통비,변동비
2024-01-08,2024,1,8,47604,하나카드결제,하나카드,,"9,619,024",법인카드,변동비
2024-01-08,2024,1,8,47604,에머이서초,에머이서초,,"68,600",복리후생비,변동비
2024-01-08,2024,1,8,47604,"출장비 (일본 출장 숙소비용 (고정환, 이성준))",아고다,,"1,297,094",여비교통비,변동비
2024-01-09,2024,1,9,47604,주식회사유니언플레,유니언타운,"7,900,000",,보증금,
2024-01-10,2024,1,10,47604,삼계탕마을,삼계탕마을,,"76,000",복리후생비,변동비
2024-01-10,2024,1,10,47604,2312산재보험,산재보험,,"517,390",보험료,고정비
2024-01-10,2024,1,10,47604,2312고용보험,고용보험,,"1,396,040",보험료,고정비
2024-01-10,2024,1,10,47604,2312국민건강,건강보험,,"5,006,700",복리후생비,변동비
2024-01-10,2024,1,10,47604,서울시지방세,구청,,"860,470",세금과공과,고정비
2024-01-10,2024,1,10,47604,사업소득세,세무서,,"204,000",세금과공과,고정비
2024-01-10,2024,1,10,47604,근로소득세(갑),세무서,,"8,401,010",세금과공과,고정비
2024-01-10,2024,1,10,47604,2312국민연금,국민연금,,"3,881,640",세금과공과,고정비
2024-01-10,2024,1,10,47604,쿠팡_KICC,쿠팡,,"62,890",소모품비,변동비
2024-01-11,2024,1,11,47604,회식,충무식당,,"590,000",복리후생비,변동비
2024-01-11,2024,1,11,47604,(주)컴퓨존_박경훈,컴퓨존,,"1,777,420",비품,변동비
2024-01-12,2024,1,12,47604,(주)달미옥,(주)달미옥,,"112,000",복리후생비,변동비
2024-01-12,2024,1,12,47604,강남밥상,강남밥상,,"18,000",복리후생비,변동비
2024-01-14,2024,1,14,47604,이준명(윈도우라이센스),이준명(윈도우라이센스),,"240,500",소모품비,변동비
2024-01-15,2024,1,15,47604,동부통상(주),동부통상(주),,"19,000",복리후생비,변동비
2024-01-15,2024,1,15,47604,강남밥상,강남밥상,,"27,000",복리후생비,변동비
2024-01-15,2024,1,15,47604,강남밥상,강남밥상,,"45,000",복리후생비,변동비
2024-01-15,2024,1,15,47604,외주용역비(조성민),조성민,,"967,500",사업소득,변동비
2024-01-15,2024,1,15,47604,쿠팡_KICC,쿠팡,,"23,650",소모품비,변동비
2024-01-15,2024,1,15,47604,카카오T비즈_카카,카카오T비즈,,"8,900",여비교통비,변동비
2024-01-16,2024,1,16,47604,동부통상(주),동부통상(주),,"39,300",복리후생비,변동비
2024-01-16,2024,1,16,47604,이조,이조,,"40,000",복리후생비,변동비
2024-01-16,2024,1,16,47604,강남밥상,강남밥상,,"72,000",복리후생비,변동비
2024-01-16,2024,1,16,47604,0114_BOOKING.C,BOOKING,,"900,194",여비교통비,변동비
2024-01-17,2024,1,17,47604,강남짬뽕,강남짬뽕,,"49,000",복리후생비,변동비
2024-01-17,2024,1,17,47604,강남밥상,강남밥상,,"45,000",복리후생비,변동비
2024-01-17,2024,1,17,47604,쿠팡_KICC,쿠팡,,"94,860",복리후생비,변동비
2024-01-18,2024,1,18,47604,동부통상(주),동부통상(주),,"17,300",복리후생비,변동비
2024-01-18,2024,1,18,47604,허수아비,허수아비,,"30,000",복리후생비,변동비
2024-01-18,2024,1,18,47604,(주)다이소아성산,(주)다이소아성산,,"1,000",소모품비,변동비
2024-01-18,2024,1,18,47604,장수알파약국,장수알파약국,,"61,500",소모품비,변동비
2024-01-19,2024,1,19,47604,옹심이네,옹심이네,,"38,000",복리후생비,변동비
2024-01-19,2024,1,19,47604,강남밥상,강남밥상,,"72,000",복리후생비,변동비
2024-01-22,2024,1,22,47604,동부통상(주),동부통상(주),,"27,600",복리후생비,변동비
2024-01-22,2024,1,22,47604,옹심이네,옹심이네,,"18,000",복리후생비,변동비
2024-01-22,2024,1,22,47604,강남밥상,강남밥상,,"54,000",복리후생비,변동비
2024-01-23,2024,1,23,47604,옹심이네,옹심이네,,"36,000",복리후생비,변동비
2024-01-23,2024,1,23,47604,강남밥상,강남밥상,,"45,000",복리후생비,변동비
2024-01-24,2024,1,24,47604,옹심이네,옹심이네,,"51,000",복리후생비,변동비
2024-01-24,2024,1,24,47604,쿠팡_KICC,쿠팡,,"103,910",복리후생비,변동비
2024-01-24,2024,1,24,47604,쿠팡_KICC,쿠팡,,"54,670",소모품비,변동비
2024-01-25,2024,1,25,47604,이조,이조,,"24,000",복리후생비,변동비
2024-01-25,2024,1,25,52604,1월 급여,임직원,,"136,625,570",급여,고정비
2024-01-25,2024,1,25,52604,급여 초과금 반환(안연근),임직원,"1,785,250",,급여,고정비
2024-01-25,2024,1,25,52604,급여 미지급금 대체 (이정원),임직원,,"1,822,450",급여,고정비
2024-01-25,2024,1,25,52604,급여 미지급금 대체 (김성현),임직원,,"634,974",급여,고정비
2024-01-25,2024,1,25,52604,급여 미지급금 대체 (정기영),임직원,,"1,785,750",급여,고정비
2024-01-25,2024,1,25,52604,급여 초과금 반환(허윤아),임직원,"2,456,924",,급여,고정비
2024-01-25,2024,1,25,52604,네오위즈 (Intella Pte Ltd) 투자금 입금,Intella Pte Ltd,"2,000,068,572",,자본금,
2024-01-26,2024,1,26,47604,강남밥상,강남밥상,,"54,000",복리후생비,변동비
2024-01-26,2024,1,26,47604,최철민(최앤리 법률,최앤리 법률사무소,,"392,500",지급수수료,고정비
2024-01-26,2024,1,26,47604,최철민(최앤리 법률,최앤리 법률사무소,,"967,400",지급수수료,고정비
2024-01-29,2024,1,29,47604,동부통상(주),동부통상(주),,"70,400",복리후생비,변동비
2024-01-29,2024,1,29,47604,옹심이네,옹심이네,,"27,000",복리후생비,변동비
2024-01-29,2024,1,29,47604,강남밥상,강남밥상,,"45,000",복리후생비,변동비
2024-01-29,2024,1,29,47604,신규입사자 PC 구매 (조준현님),컴퓨존,,"1,758,330",비품,변동비
2024-01-30,2024,1,30,47604,하나카드결제,하나카드,,"882,107",법인카드,변동비
2024-01-30,2024,1,30,47604,동부통상(주),동부통상(주),,"36,400",복리후생비,변동비
2024-01-30,2024,1,30,47604,강촌식당서초점,강촌식당서초점,,"50,000",복리후생비,변동비
2024-01-30,2024,1,30,47604,강남밥상,강남밥상,,"54,000",복리후생비,변동비
2024-01-30,2024,1,30,47604,서울특등록면,구청,,"40,500",세금과공과,고정비
2024-01-30,2024,1,30,47604,외주용역비,이아름,,"1,741,100",사업소득,변동비
2024-01-30,2024,1,30,47604,외주용역비 (이솔),이솔,,"2,901,500",사업소득,변동비
2024-01-30,2024,1,30,47604,모니터 2ea (Dell S2721DS) 구매 - 신규입사자,컴퓨존,,"600,260",소모품비,변동비
2024-01-31,2024,1,31,47604,하나카드결제,하나카드,,"8,333,179",법인카드,변동비
2024-01-31,2024,1,31,47604,쿠팡전용_KCP,쿠팡,,"56,490",복리후생비,변동비
2024-01-31,2024,1,31,47604,칭하이,칭하이,,"43,000",복리후생비,변동비
2024-01-31,2024,1,31,47604,강남밥상,강남밥상,,"45,000",복리후생비,변동비
2024-01-31,2024,1,31,47604,비즈플레이_주식회사,비즈플레이_주식회사,,"4,560,000",복리후생비,변동비
2024-01-31,2024,1,31,47604,임차수수료(포티에서초),포티에서초,,"12,744,600",지급임차료,고정비
2024-01-31,2024,1,31,47604,외주용역비 (김재경),김재경,,"1,451,000",사업소득,변동비
2024-01-31,2024,1,31,47604,외주용역비 (서보경),서보경,,"967,000",사업소득,변동비
2024-01-31,2024,1,31,47604,외주용역비 (박경훈),박경훈,,"1,934,500",사업소득,변동비
2024-01-31,2024,1,31,47604,카카오T비즈_카카,카카오T비즈,,"8,900",여비교통비,변동비
2024-01-31,2024,1,31,52604,주금납입증명서 발급을 위한 별단계좌 이체 (하나은행 역삼중앙지점),하나은행,,"2,000,068,572",자본금,
2024-02-01,2024,2,1,47604,강남밥상,강남밥상,,"425,000",복리후생비,변동비
2024-02-01,2024,2,1,47604,법무비용(최앤리),최앤리 법률사무소,,"2,970,500",지급수수료,고정비
2024-02-01,2024,2,1,47604,회의실용 노트북 구매 (자산구매),네이버파이낸셜㈜,,"769,000",비품,변동비
2024-02-01,2024,2,1,47604,(주)다이소아성산,(주)다이소아성산,,"6,000",소모품비,변동비
2024-02-01,2024,2,1,52604,별단계좌 주금납입금 반환 (Intella Pte Ltd),하나은행,"2,000,068,572",,자본금,
2024-02-02,2024,2,2,47604,명함 구매,모빌러스,,"240,800",소모품비,변동비
2024-02-02,2024,2,2,47604,야근식대,동부통상(주),,"9,300",복리후생비,변동비
2024-02-02,2024,2,2,47604,야근식대,동부통상(주),,"8,300",복리후생비,변동비
2024-02-05,2024,2,5,47604,기장대행료,세무법인 혜움,,"330,000",지급수수료,고정비
2024-02-05,2024,2,5,47604,오상호_외주용역_선금,오상호,,"1,354,300",사업소득,변동비
2024-02-05,2024,2,5,47604,야근식대,동부통상(주),,"68,500",복리후생비,변동비
2024-02-05,2024,2,5,47604,접대비,고기싸롱 신림점,,"44,500",접대비,변동비
2024-02-06,2024,2,6,47604,줄자 구매,(주)다이소아성산,,"3,000",소모품비,변동비
2024-02-06,2024,2,6,47604,사무용품 구매,드림디포,,"6,900",소모품비,변동비
2024-02-06,2024,2,6,47604,야근식대,동부통상(주),,"49,300",복리후생비,변동비
2024-02-07,2024,2,7,47604,부가세 환급금,세무서,"6,954,050",,세금과공과,고정비
2024-02-07,2024,2,7,47604,동부통상(주),동부통상(주),,"9,300",복리후생비,변동비
2024-02-08,2024,2,8,52604,네오위즈_대여금상환,네오위즈,,"300,000,000",단기대여금,
2024-02-08,2024,2,8,52604,네오위즈_대여금상환,네오위즈,,"1,425,877",이자비용,변동비
2024-02-08,2024,2,8,47604,음료구매,스페이스엘,,"17,600",복리후생비,변동비
2024-02-13,2024,2,13,47604,2401국민건강,건강보험,,"12,140,260",복리후생비,변동비
2024-02-13,2024,2,13,47604,2401국민연금,국민연금,,"9,874,220",세금과공과,고정비
2024-02-13,2024,2,13,47604,2401고용보험,고용보험,,"499,230",보험료,고정비
2024-02-13,2024,2,13,52604,내부계좌이체,슈퍼빌런랩스,,"100,000,000",내부이체,
2024-02-13,2024,2,13,47604,내부계좌이체,슈퍼빌런랩스,"100,000,000",,내부이체,
2024-02-13,2024,2,13,47604,"라벨 프린터기, 종이컵 등 소모품 구매",쿠팡,,"97,320",소모품비,변동비
2024-02-13,2024,2,13,47604,2401고용보험,고용보험,,"1,958,490",보험료,고정비
2024-02-13,2024,2,13,47604,2401산재보험,산재보험,,"862,180",보험료,고정비
2024-02-13,2024,2,13,47604,직원 식권 구매,강남밥상,,"425,000",복리후생비,변동비
2024-02-13,2024,2,13,47604,1월 근로소득세(갑),세무서,,"16,991,430",세금과공과,고정비
2024-02-13,2024,2,13,47604,1월 사업소득세,세무서,,"309,000",세금과공과,고정비
2024-02-13,2024,2,13,47604,1월 지방소득세,구청,,"1,729,940",세금과공과,고정비
2024-02-13,2024,2,13,47604,간이의자 3개 구매,11번가,,"61,560",소모품비,변동비
2024-02-13,2024,2,13,47604,야근식대,동부통상(주),,"43,300",복리후생비,변동비
2024-02-13,2024,2,13,47604,야근식대,동부통상(주),,"2,200",복리후생비,변동비
2024-02-14,2024,2,14,47604,간식 구매,쿠팡,,"83,740",복리후생비,변동비
2024-02-14,2024,2,14,47604,소모품 구매,디오프엔씨,,"12,000",복리후생비,변동비
2024-02-14,2024,2,14,47604,음료구매,카페포레,,"10,700",복리후생비,변동비
2024-02-14,2024,2,14,47604,접대비,남부 야탑점,,"139,000",접대비,변동비
2024-02-15,2024,2,15,52604,등기맨(최앤리)환급,최앤리 법률사무소,"84,800",,잡이익,
2024-02-15,2024,2,15,47604,맥 미니 구매_환불 예정,에이샵,,"2,985,000",환불,
2024-02-15,2024,2,15,47604,입사자 비품 구매_박종화님,컴퓨존,,"2,317,920",비품,변동비
2024-02-15,2024,2,15,47604,맥 미니 CTO 사양 구매,애플스토어,,"3,005,000",비품,변동비
2024-02-15,2024,2,15,47604,맥 미니 환불금,에이샵,"2,985,000",,환불,
2024-02-15,2024,2,15,47604,야근식대,동부통상(주),,"9,200",복리후생비,변동비
2024-02-16,2024,2,16,47604,직원 식대,봉산옥,,"87,000",복리후생비,변동비
2024-02-16,2024,2,16,47604,커피 구매,플리즈체크인,,"10,600",복리후생비,변동비
2024-02-16,2024,2,16,47604,사무용품 구매,드림디포,,"9,500",소모품비,변동비
2024-02-16,2024,2,16,47604,야근식대,KFC서초동,,"33,400",복리후생비,변동비
2024-02-19,2024,2,19,47604,와콤 태블릿 구매,11번가,,"389,680",소모품비,변동비
2024-02-19,2024,2,19,47604,점심식대,백년옥백년옥,,"71,000",복리후생비,변동비
2024-02-19,2024,2,19,47604,음료구매,플리즈체크인,,"9,600",복리후생비,변동비
2024-02-19,2024,2,19,47604,야근식대,KFC서초동,,"66,800",복리후생비,변동비
2024-02-20,2024,2,20,47604,점심식대,수미관,,"24,000",복리후생비,변동비
2024-02-20,2024,2,20,47604,음료구매,스페이스엘,,"10,500",복리후생비,변동비
2024-02-20,2024,2,20,47604,간식 구매,쿠팡,,"36,800",복리후생비,변동비
2024-02-20,2024,2,20,47604,음료구매,스페이스엘,,"11,000",복리후생비,변동비
2024-02-20,2024,2,20,47604,간식 구매,롯데슈퍼서초국제,,"8,730",복리후생비,변동비
2024-02-21,2024,2,21,47604,마우스 구매,쿠팡,,"20,440",소모품비,변동비
2024-02-21,2024,2,21,47604,3월 출장 항공권 구매,대한항공,,"11,167,800",여비교통비,변동비
2024-02-22,2024,2,22,47604,"복사용지, 식기건조대 구매",쿠팡,,"40,910",소모품비,변동비
2024-02-22,2024,2,22,47604,온라인잔액증명서발급수수료,하나은행,,"1,000",지급수수료,고정비
2024-02-22,2024,2,22,47604,직원 음료 구매,플리즈체크인,,"38,900",복리후생비,변동비
2024-02-22,2024,2,22,52604,내부계좌이체,슈퍼빌런랩스,,"50,000,000",내부이체,
2024-02-22,2024,2,22,47604,내부계좌이체,슈퍼빌런랩스,"50,000,000",,내부이체,
2024-02-22,2024,2,22,47604,외주용역,조성민,,"967,500",사업소득,변동비
2024-02-22,2024,2,22,47604,외주용역,서보경,,"967,000",사업소득,변동비
2024-02-22,2024,2,22,47604,외주용역,강민경,,"772,170",사업소득,변동비
2024-02-22,2024,2,22,47604,야근식대,삼보부대찌개,,"42,000",복리후생비,변동비
2024-02-22,2024,2,22,47604,저녁 with Aptos,구영회참치,,"492,000",접대비,변동비
2024-02-23,2024,2,23,47604,카드대금_1월분,하나카드,,"2,615,748",법인카드,변동비
2024-02-23,2024,2,23,52604,2402급여,임직원,,"156,273,135",급여,고정비
2024-02-23,2024,2,23,47604,선결제,하나카드,,"7,092,462",법인카드,변동비
2024-02-23,2024,2,23,47604,박스테이프 구매,(주)다이소아성산,,"2,000",소모품비,변동비
2024-02-23,2024,2,23,47604,점심식대,송황칼국수,,"28,000",복리후생비,변동비
2024-02-23,2024,2,23,47604,"3/4 입사자 비품 구매(양윤정)(PC1, 그램1, 모니터3)",컴퓨존,,"4,904,760",비품,변동비
2024-02-23,2024,2,23,47604,티백음료 구매,롯데슈퍼서초국제,,"6,990",복리후생비,변동비
2024-02-23,2024,2,23,47604,야근식대,KFC서초동,,"29,900",복리후생비,변동비
2024-02-25,2024,2,25,47604,3월 출장 숙소 예약 건,아고다,,"7,144,119",여비교통비,변동비
2024-02-26,2024,2,26,47604,외주용역비,이솔,,"2,901,500",사업소득,변동비
2024-02-26,2024,2,26,47604,외주용역비,이아름,,"1,741,100",사업소득,변동비
2024-02-26,2024,2,26,52604,임대료_포티에서초,포티에서초,,"21,397,413",지급임차료,고정비
2024-02-26,2024,2,26,47604,점심식대,백년옥백년옥,,"72,000",복리후생비,변동비
2024-02-26,2024,2,26,47604,음료구매,플리즈체크인,,"6,400",복리후생비,변동비
2024-02-26,2024,2,26,47604,출장일비_1월2월,임직원,,"3,602,000",여비교통비,변동비
2024-02-26,2024,2,26,52604,경비지출_테스트자산_150APT,임직원,,"1,954,477",지급수수료,고정비
2024-02-26,2024,2,26,47604,간식 구매,쿠팡,,"99,900",복리후생비,변동비
2024-02-27,2024,2,27,47604,야근식대,지에스리테일,,"3,400",복리후생비,변동비
2024-02-28,2024,2,28,52604,포티에 서초_1월 임대료,포티에서초,,"12,333,486",지급임차료,고정비
2024-02-28,2024,2,28,47604,포티에서초_전기료,포티에서초,,"329,054",건물관리비,고정비
2024-02-29,2024,2,29,47604,법원행정처_LGCN,법원행정처,,"1,000",지급수수료,고정비
2024-02-29,2024,2,29,52604,"외주용역비_2월_서보경, 오상호, 조준현, 홍주연",사업소득자,,"16,037,584",사업소득,변동비
2024-02-29,2024,2,29,47604,명함 구매,모빌러스,,"89,030",소모품비,변동비
2024-02-29,2024,2,29,47604,비플페이_3월분,비즈플레이_주식회사,,"2,000,000",복리후생비,변동비
2024-03-04,2024,3,4,47604,그램 1개 구매,컴퓨존,,"2,499,000",비품,변동비
2024-03-04,2024,3,4,52604,포티에서초_보증금차액,포티에서초,,"43,545,000",보증금,
2024-03-05,2024,3,5,47604,기장대행료,세무법인 혜움,,"330,000",지급수수료,고정비
2024-03-06,2024,3,6,47604,하나카드 2월분 선결제,하나카드,,"7,964,596",법인카드,변동비
2024-03-11,2024,3,11,47604,2402국민건강,건강보험,,"12,605,900",복리후생비,변동비
2024-03-11,2024,3,11,47604,2402국민연금,국민연금,,"10,201,180",세금과공과,고정비
2024-03-11,2024,3,11,47604,2402고용보험,고용보험,,"2,576,910",보험료,고정비
2024-03-11,2024,3,11,47604,2402산재보험,산재보험,,"904,910",보험료,고정비
2024-03-11,2024,3,11,47604,근로소득세(갑),세무서,,"9,507,230",세금과공과,고정비
2024-03-11,2024,3,11,47604,사업소득세,세무서,,"797,440",세금과공과,고정비
2024-03-11,2024,3,11,47604,법인세,세무서,,"491,500",세금과공과,고정비
2024-03-11,2024,3,11,47604,서울시지방세,구청,,"1,079,590",세금과공과,고정비
2024-03-11,2024,3,11,47604,외주용역비_비지큐브(1차),주식회사 비지큐브,,"2,706,000",외주용역,변동비
2024-03-11,2024,3,11,47604,외주용역비_포캣(1차),주식회사 포캣,,"2,475,000",외주용역,변동비
2024-03-11,2024,3,11,47604,퇴직정산금_조정우,임직원,,"135,680",급여,고정비
2024-03-11,2024,3,11,47604,비플페이_3월_MMO팀,비즈플레이_주식회사,,"1,000,000",복리후생비,변동비
2024-03-12,2024,3,12,47604,"도쿄 출장 항공료_이성준, 고정환, 양윤정",대한항공,,"1,467,000",여비교통비,변동비
2024-03-12,2024,3,12,47604,버스대절_계약금,김기준,,"50,000",여비교통비,변동비
2024-03-15,2024,3,15,47604,본점이전 등기 수임료,최앤리 법률사무소,,"150,810",지급수수료,고정비
2024-03-15,2024,3,15,47604,본점이전 등기 공과금,최앤리 법률사무소,,"167,000",세금과공과,고정비
2024-03-15,2024,3,15,47604,고정환_2월 법인카드대금,롯데카드,,"217,680",법인카드,변동비
2024-03-15,2024,3,15,47604,공용_테크팀_2월 법인카드대금,롯데카드,,"37,500",법인카드,변동비
2024-03-15,2024,3,15,47604,고상원_2월 법인카드대금,롯데카드,,"18,000",법인카드,변동비
2024-03-15,2024,3,15,47604,공용_MMO팀,롯데카드,,"653,500",법인카드,변동비
2024-03-15,2024,3,15,47604,김민수_2월 법인카드대금,롯데카드,,"62,300",법인카드,변동비
2024-03-15,2024,3,15,47604,피플팀_2월 법인카드대금,롯데카드,,"27,000",법인카드,변동비
2024-03-15,2024,3,15,47604,공용_캐주얼팀_2월 법인카드대금,롯데카드,,"180,720",법인카드,변동비
2024-03-16,2024,3,16,52604,"(예금이자 631,973 소득세 88,470 지방소득세 8,840)",하나은행,"534,663",,이자수익,
2024-03-16,2024,3,16,47604,"(예금이자 17,362 소득세 2,430 지방소득세 240)",하나은행,"14,692",,이자수익,
2024-03-19,2024,3,19,47604,등록면허세,구청,,"135,000",세금과공과,고정비
2024-03-25,2024,3,25,47604,KT4155102403,케이티,,"20,910",통신비,고정비
2024-03-25,2024,3,25,52604,SVL_Payroll_2403,임직원,,"157,247,821",급여,고정비
2024-03-25,2024,3,25,52604,2월 전기세(포티에),포티에서초,,"379,137",건물관리비,고정비
2024-03-25,2024,3,25,52604,개인비용정산(이규상),임직원,,"1,883,942",지급수수료,고정비
2024-03-25,2024,3,25,52604,출장일비정산(고정환),임직원,,"1,050,000",여비교통비,변동비
2024-03-25,2024,3,25,52604,4월 임차료(포티에),포티에서초,,"22,324,500",지급임차료,고정비
2024-03-25,2024,3,25,52604,출장일비정산(이성준),임직원,,"1,050,000",여비교통비,변동비
2024-03-26,2024,3,26,52604,내부계좌이체,슈퍼빌런랩스,,"100,000,000",내부이체,
2024-03-26,2024,3,26,47604,주식회사 슈퍼빌런랩스,슈퍼빌런랩스,"100,000,000",,내부이체,
2024-03-26,2024,3,26,47604,하나카드결제,하나카드,,"9,780,800",법인카드,변동비
2024-03-28,2024,3,28,47604,외주용역비 (이아름),이아름,,"1,740,600",사업소득,변동비
2024-03-29,2024,3,29,47604,조준현,조준현,,"5,640,834",사업소득,변동비
2024-03-29,2024,3,29,47604,외주용역비 (서보경 외),서보경,,"967,000",사업소득,변동비
2024-03-29,2024,3,29,47604,이솔,이솔,,"2,901,000",사업소득,변동비
2024-03-29,2024,3,29,47604,외주용역비 (홍주연),홍주연,,"8,461,250",사업소득,변동비
2024-03-29,2024,3,29,47604,4월 식대 충전,비즈플레이_주식회사,,"6,300,000",복리후생비,변동비
2024-03-29,2024,3,29,47604,1차 외주용역비_잔금,주식회사 포캣,,"5,775,000",외주용역,변동비
2024-04-05,2024,4,5,47604,기장대행료,세무법인 혜움,,"330,000",지급수수료,고정비
2024-04-05,2024,4,5,47604,외주용역비_선금(이유진),이유진,,"319,110",사업소득,변동비
2024-04-01,2024,4,1,47604,외주용역비(조성민),조성민,,"3,626,250",사업소득,변동비
2024-04-01,2024,4,1,47604,워크샵_버스잔금,김기준,,"335,000",여비교통비,변동비
2024-04-01,2024,4,1,47604,외주용역비(포캣2차)_선금,주식회사 포캣,,"4,785,000",외주용역,변동비
2024-04-01,2024,4,1,47604,법인세 조정료,세무법인 혜움,,"550,000",지급수수료,고정비
2024-04-11,2024,4,11,52604,내부계좌이체,슈퍼빌런랩스,,"100,000,000",내부이체,
2024-04-11,2024,4,11,47604,캐주얼팀_외주용역비_선금,주식회사 포캣,,"4,092,000",외주용역,변동비
2024-04-11,2024,4,11,47604,서울시지방세,구청,,"1,698,860",세금과공과,고정비
2024-04-11,2024,4,11,47604,사업소득세,세무서,,"724,000",세금과공과,고정비
2024-04-11,2024,4,11,47604,근로소득세(갑),세무서,,"16,266,080",세금과공과,고정비
2024-04-11,2024,4,11,47604,개인비용정산_이규상_테스트자,임직원,,"2,271,137",지급수수료,고정비
2024-04-11,2024,4,11,47604,외주용역비_조성민,조성민,,"967,000",사업소득,변동비
2024-04-11,2024,4,11,47604,외주용역비_원유니버스,주식회사 원유니버스,,"3,828,000",외주용역,변동비
2024-04-11,2024,4,11,47604,외주용역비_잔금_프로픽,주식회사 프로픽,,"5,500,000",외주용역,변동비
2024-04-11,2024,4,11,47604,외주용역비_2차_잔금,주식회사 포캣,,"11,165,000",외주용역,변동비
2024-04-11,2024,4,11,47604,"자산구매_4월 신규입사자_서보경, 이세림, 심우진, 박지환",컴퓨존,,"9,944,400",비품,변동비
2024-04-11,2024,4,11,47604,자금이체 (운용계좌),슈퍼빌런랩스,"100,000,000",,내부이체,
2024-04-11,2024,4,11,47604,비즈플레이이용료,비즈플레이_주식회사,,"31,900",지급수수료,고정비
2024-04-11,2024,4,11,47604,2403산재보험,산재보험,,"1,128,200",보험료,고정비
2024-04-11,2024,4,11,47604,2403고용보험,고용보험,,"3,212,630",보험료,고정비
2024-04-11,2024,4,11,47604,2403국민연금,국민연금,,"12,826,040",세금과공과,고정비
2024-04-11,2024,4,11,47604,2403국민건강,건강보험,,"15,089,300",복리후생비,변동비
2024-04-15,2024,4,15,47604,롯데카드,롯데카드,,"625,195",법인카드,변동비
2024-04-15,2024,4,15,47604,롯데카드,롯데카드,,"1,362,400",법인카드,변동비
2024-04-15,2024,4,15,47604,롯데카드,롯데카드,,"133,100",법인카드,변동비
2024-04-15,2024,4,15,47604,롯데카드,롯데카드,,"25,415,912",법인카드,변동비
2024-04-15,2024,4,15,47604,롯데카드,롯데카드,,"352,520",법인카드,변동비
2024-04-15,2024,4,15,47604,롯데카드,롯데카드,,"497,600",법인카드,변동비
2024-04-15,2024,4,15,47604,롯데카드,롯데카드,,"3,436,008",법인카드,변동비
2024-04-15,2024,4,15,47604,롯데카드,롯데카드,,"184,550",법인카드,변동비
2024-04-15,2024,4,15,47604,롯데카드,롯데카드,,"329,600",법인카드,변동비
2024-04-15,2024,4,15,47604,롯데카드,롯데카드,,"54,600",법인카드,변동비
2024-04-15,2024,4,15,47604,롯데카드,롯데카드,,"101,340",법인카드,변동비
2024-04-15,2024,4,15,47604,롯데카드,롯데카드,,"16,169,440",법인카드,변동비
2024-04-17,2024,4,17,47604,하나카드,하나카드,,"7,838,753",법인카드,변동비
2024-04-17,2024,4,17,47604,하나카드,하나카드,,"1,563,278",법인카드,변동비
2024-04-26,2024,4,26,52604,5월 임차료,포티에서초,,"22,773,080",지급임차료,고정비
2024-04-26,2024,4,26,52604,PAYPAL PTE,PAYPAL,4,,잡이익,
2024-04-26,2024,4,26,52604,PAYPAL PTE,PAYPAL,9,,잡이익,
2024-04-25,2024,4,25,52604,박장시_급여 추가분 반환,임직원,"200,000",,환불,
2024-04-25,2024,4,25,52604,유수상_급여 추가분 반환,임직원,"200,000",,환불,
2024-04-25,2024,4,25,52604,박경훈_급여 추가분 반환,임직원,"200,000",,환불,
2024-04-25,2024,4,25,52604,2404 급여,임직원,,"185,584,580",급여,고정비
2024-04-25,2024,4,25,47604,유증(투자) 관련 공과금,최앤리 법률사무소,,"407,000",세금과공과,고정비
2024-04-25,2024,4,25,47604,유증(투자) 관련 법인등기사무 위임 수수료,최앤리 법률사무소,,"584,100",지급수수료,고정비
2024-04-25,2024,4,25,47604,인터넷전화요금,케이티,,"13,420",통신비,고정비
2024-04-30,2024,4,30,52604,개인비용정산 (박장시),임직원,,"41,417",지급수수료,고정비
2024-04-30,2024,4,30,52604,출장일비정산 (도쿄출장),임직원,,"600,000",여비교통비,변동비
2024-04-30,2024,4,30,52604,외주용역비 (포캣),주식회사 포캣,,"9,548,000",외주용역,변동비
2024-04-30,2024,4,30,52604,출장일비정산 (두바이 출장),임직원,,"900,000",여비교통비,변동비
2024-04-30,2024,4,30,52604,외주용역비 (비지큐브),주식회사 비지큐브,,"6,314,000",외주용역,변동비
2024-04-30,2024,4,30,52604,외주용역비(이유진),이유진,,"754,260",사업소득,변동비
2024-04-30,2024,4,30,52604,외주용역비 (이솔),이솔,,"2,901,000",사업소득,변동비
2024-04-30,2024,4,30,52604,외주용역비 (황윤재),황윤재,,"1,120,000",사업소득,변동비
2024-04-30,2024,4,30,52604,개인비용정산 (이성준),임직원,,"223,500",여비교통비,변동비
2024-04-30,2024,4,30,52604,외주용역비 (조준현),조준현,,"5,640,834",사업소득,변동비
2024-04-30,2024,4,30,52604,외주용역비 (홍주연),홍주연,,"8,461,250",사업소득,변동비
2024-04-30,2024,4,30,52604,출장일비정산 (도쿄출장),임직원,,"600,000",여비교통비,변동비
2024-05-04,2024,5,4,47604,인재추천 수수료,탤런트버스,,"8,360,000",지급수수료,고정비
2024-05-10,2024,5,10,52604,외주용역비(선금),주식회사 포캣,,"1,320,000",외주용역,변동비
2024-05-10,2024,5,10,52604,비플페이,비즈플레이_주식회사,,"5,500,000",선급금,변동비
2024-05-10,2024,5,10,52604,주식회사 슈퍼빌런랩스,슈퍼빌런랩스,,"100,000,000",내부이체,
2024-05-10,2024,5,10,47604,서울시지방세,구청,,"1,456,410",세금과공과,고정비
2024-05-10,2024,5,10,47604,사업소득세,세무서,,"625,540",세금과공과,고정비
2024-05-10,2024,5,10,47604,근로소득세(갑),세무서,,"13,940,210",세금과공과,고정비
2024-05-10,2024,5,10,47604,비즈플레이이용료,비즈플레이_주식회사,,"38,500",지급수수료,고정비
2024-05-10,2024,5,10,47604,2404산재보험,산재보험,,"1,144,940",보험료,고정비
2024-05-10,2024,5,10,47604,2404고용보험,고용보험,,"3,260,990",보험료,고정비
2024-05-10,2024,5,10,47604,2404국민연금,국민연금,,"13,859,500",세금과공과,고정비
2024-05-10,2024,5,10,47604,2404국민건강,건강보험,,"7,992,560",복리후생비,변동비
2024-05-10,2024,5,10,47604,주식회사 슈퍼빌런랩스,슈퍼빌런랩스,"100,000,000",,내부이체,
2024-05-10,2024,5,10,47604,2404국민건강,건강보험,,"7,861,460",복리후생비,변동비
2024-05-17,2024,5,17,52604,"송금인+주금잔액_스파르탄 투자 잔금, 반환 예정",,"7,943,814",,환불,
2024-05-17,2024,5,17,52604,"송금인+주금잔액_프레스토 투자 잔금, 잡이익",,"28,471",,잡이익,
2024-05-17,2024,5,17,47604,퇴직연금 납입,하나은행,,"1,205,646",퇴직급여,고정비
2024-05-16,2024,5,16,47604,기장수수료(혜움),세무법인 혜움,,"330,000",지급수수료,고정비
2024-05-16,2024,5,16,47604,경조사비(이현우님 조모상),임직원,,"300,000",복리후생비,변동비
2024-05-16,2024,5,16,47604,공용_피플,롯데카드,,"20,800,996",법인카드,변동비
2024-05-16,2024,5,16,47604,캐주얼_분실카드,롯데카드,,"120,570",법인카드,변동비
2024-05-16,2024,5,16,47604,고정환_2월 법인카드대금,롯데카드,,"3,343,743",법인카드,변동비
2024-05-16,2024,5,16,47604,박성모,롯데카드,,"1,576,310",법인카드,변동비
2024-05-16,2024,5,16,47604,고상원,롯데카드,,"507,360",법인카드,변동비
2024-05-16,2024,5,16,47604,이성준,롯데카드,,"1,104,470",법인카드,변동비
2024-05-16,2024,5,16,47604,해외출장용,롯데카드,,"70,158",법인카드,변동비
2024-05-16,2024,5,16,47604,김민수,롯데카드,,"1,495,960",법인카드,변동비
2024-05-16,2024,5,16,47604,이규상,롯데카드,,"757,830",법인카드,변동비
2024-05-16,2024,5,16,47604,사업팀,롯데카드,,"96,500",법인카드,변동비
2024-05-13,2024,5,13,47604,애니메이션 클립 제작 테스트,Project-D Animation Studio,,"1,545,640",외주용역,변동비
2024-05-20,2024,5,20,52604,프레스토 투자금 입금,Presto,"404,185,774",,자본금,
2024-05-20,2024,5,20,52604,스파르탄 투자금 입금,Spartan,"663,189,474",,자본금,
2024-05-24,2024,5,24,52604,SVL_Payroll_2405_fin,임직원,,"198,924,537",급여,고정비
2024-05-23,2024,5,23,47604,4월 법인카드대금,하나카드,,"7,052,034",법인카드,변동비
2024-05-31,2024,5,31,47604,당발송금수수료(Ref No: 1340OTT240500442),하나은행,,"13,000",지급수수료,고정비
2024-05-31,2024,5,31,47604,OTT240500442_투자사 법무 비용(공증서류비),Spartan,,"507,587",주식발행초과금,
2024-05-30,2024,5,30,47604,장재혁(스파인페어리,스파인페어리,,"990,000",외주용역,변동비
2024-05-30,2024,5,30,47604,외주용역비(이유진),이유진,,"1,305,450",사업소득,변동비
2024-05-30,2024,5,30,47604,외주용역비(포캣스튜디오),주식회사 포캣,,"3,080,000",외주용역,변동비
2024-05-30,2024,5,30,47604,외주용역비(이피원스튜디오),이피원스튜디오,,"2,860,000",외주용역,변동비
2024-05-30,2024,5,30,47604,비즈플레이(식대),비즈플레이_주식회사,,"3,600,000",복리후생비,변동비
2024-05-30,2024,5,30,47604,외주기장료(한울회계법인),한울회계법인,,"330,000",지급수수료,고정비
2024-05-27,2024,5,27,47604,KT4155102405,케이티,,"12,440",통신비,고정비
2024-05-31,2024,5,31,52604,당발송금수수료(Ref No: 1340OTT240500457),하나은행,,"28,000",지급수수료,고정비
2024-05-31,2024,5,31,52604,OTT240500457,Spartan,,"7,943,814",환불,
2024-05-31,2024,5,31,52604,당발송금수수료(Ref No: 1340OTT240500441),하나은행,,"28,000",지급수수료,고정비
2024-05-31,2024,5,31,52604,OTT240500441_지급수수료(1년 비용)갱신 자동X_트래킹 툴,ADJUST GMBH,,"19,460,700",지급수수료,고정비
2024-05-27,2024,5,27,52604,4월 전기료(포티에 서초),포티에서초,,"473,767",건물관리비,고정비
2024-05-27,2024,5,27,52604,5월 임대료(포티에),포티에서초,,"22,324,500",지급임차료,고정비
2024-06-07,2024,6,7,47604,등기 관련 공과금 (최앤리),최앤리 법률사무소,,"467,000",세금과공과,고정비
2024-06-07,2024,6,7,47604,법인등기사무 위임(등기맨),최앤리 법률사무소,,"613,800",지급수수료,고정비
2024-06-05,2024,6,5,47604,내부계좌이체,슈퍼빌런랩스,"80,000,000",,내부이체,
2024-06-05,2024,6,5,47604,외주용역비(이솔),이솔,,"2,901,000",사업소득,변동비
2024-06-04,2024,6,4,47604,명주현(윈11 제품키 구매),,,"230,000",소모품비,변동비
2024-06-05,2024,6,5,52604,내부계좌이체,슈퍼빌런랩스,,"80,000,000",내부이체,
2024-06-15,2024,6,15,52604,"(예금이자 722,793 소득세 101,190 지방소득세 10,110)",하나은행,"611,493",,이자수익,
2024-06-10,2024,6,10,52604,대체,하나은행,4,,잡이익,
2024-06-15,2024,6,15,47604,"(예금이자 8,685 소득세 1,210 지방소득세 120)",,"7,355",,이자수익,
2024-06-10,2024,6,10,47604,서울시지방세,구청,,"1,946,080",세금과공과,고정비
2024-06-10,2024,6,10,47604,서울시지방세,구청,,"1,152,280",세금과공과,고정비
2024-06-10,2024,6,10,47604,사업소득세,세무서,,"130,500",세금과공과,고정비
2024-06-10,2024,6,10,47604,근로소득세(갑),세무서,,"19,330,330",세금과공과,고정비
2024-06-10,2024,6,10,47604,생일상품권구매(케이,케이티알파,,"1,692,000",복리후생비,변동비
2024-06-10,2024,6,10,47604,외주용역비_선금(이유진),사업소득자,,"333,620",사업소득,변동비
2024-06-10,2024,6,10,47604,비즈플레이이용료,비즈플레이_주식회사,,"40,700",지급수수료,고정비
2024-06-10,2024,6,10,47604,2405산재보험,산재보험,,"1,383,360",보험료,고정비
2024-06-10,2024,6,10,47604,2405고용보험,고용보험,,"3,939,120",보험료,고정비
2024-06-10,2024,6,10,47604,2405국민연금,국민연금,,"16,348,520",세금과공과,고정비
2024-06-10,2024,6,10,47604,2405국민건강,건강보험,,"18,078,500",복리후생비,변동비
2024-06-17,2024,6,17,52604,내부계좌이체,슈퍼빌런랩스,,"50,000,000",내부이체,
2024-06-17,2024,6,17,47604,롯데카드,롯데카드,,"622,623",법인카드,변동비
2024-06-17,2024,6,17,47604,롯데카드,롯데카드,,"642,649",법인카드,변동비
2024-06-17,2024,6,17,47604,롯데카드,롯데카드,,"115,740",법인카드,변동비
2024-06-17,2024,6,17,47604,롯데카드,롯데카드,,"2,663,061",법인카드,변동비
2024-06-17,2024,6,17,47604,롯데카드,롯데카드,,"10,162,555",법인카드,변동비
2024-06-17,2024,6,17,47604,롯데카드,롯데카드,,"2,203,470",법인카드,변동비
2024-06-17,2024,6,17,47604,롯데카드,롯데카드,,"1,105,590",법인카드,변동비
2024-06-17,2024,6,17,47604,롯데카드,롯데카드,,"641,965",법인카드,변동비
2024-06-17,2024,6,17,47604,롯데카드,롯데카드,,"62,475",법인카드,변동비
2024-06-17,2024,6,17,47604,주식회사 슈퍼빌런랩스,슈퍼빌런랩스,"50,000,000",,내부이체,
2024-06-30,2024,6,30,52604,운영자금이체,슈퍼빌런랩스,,"100,000,000",내부이체,
2024-06-27,2024,6,27,52604,주식납입금_케이아이피-크릿,케이아이피-크릿,"595,848,512",,자본금,
2024-06-27,2024,6,27,52604,주식납입금_크릿 벤처스,크릿 벤처스,"136,781,954",,자본금,
2024-06-27,2024,6,27,52604,주식납입금_솔라리움 랩스,솔라리움 랩스,"200,062,858",,자본금,
2024-06-25,2024,6,25,52604,2406 급여,임직원,,"203,555,326",급여,고정비
2024-06-30,2024,6,30,47604,배경 외주 제작 대금,주식회사 원유니버스,,"27,951,000",외주용역,변동비
2024-06-30,2024,6,30,47604,7월 식대 충전,비즈플레이_주식회사,,"8,500,000",선급금,변동비
2024-06-30,2024,6,30,47604,서버 외주용역,이솔,,"2,901,000",사업소득,변동비
2024-06-30,2024,6,30,47604,마케팅 영상 제작,이유진,,"778,440",사업소득,변동비
2024-06-30,2024,6,30,47604,기장수수료,한울회계법인,,"330,000",지급수수료,고정비
2024-06-30,2024,6,30,47604,주식회사 슈퍼빌런랩스,슈퍼빌런랩스,"100,000,000",,내부이체,
2024-06-27,2024,6,27,47604,폼보드 제작_디자인이움,디자인 이움,,"96,800",소모품비,변동비
2024-06-27,2024,6,27,47604,당발송금수수료(Ref No: 1340OTT240600399),하나은행,,"13,000",지급수수료,고정비
2024-06-27,2024,6,27,47604,OTT240600399,UNITY,,"391,209",광고선전비,변동비
2024-06-25,2024,6,25,47604,5월 전기료,포티에서초,,"507,463",건물관리비,고정비
2024-06-25,2024,6,25,47604,임대료 (6월),포티에서초,,"22,288,500",지급임차료,고정비
2024-06-25,2024,6,25,47604,KT4155102406,케이티,,"13,770",통신비,고정비
2024-06-24,2024,6,24,47604,하나카드기업,하나카드,,"10,446,024",법인카드,변동비
2024-07-11,2024,7,11,47604,Supervillain Wanted 사운드 효과음 제작 용역 대금,(주)애프터타임,,"330,000",외주용역,변동비
2024-07-10,2024,7,10,47604,IVS 출장 일비,임직원,,"3,000,000",출장비,변동비
2024-07-10,2024,7,10,47604,개인경비_이성준,임직원,,"551,201",여비교통비,변동비
2024-07-10,2024,7,10,47604,오상호(교토출장),오상호,,"270,096",출장비,변동비
2024-07-10,2024,7,10,47604,외주용역비_이유진,이유진,,"628,550",사업소득,변동비
2024-07-10,2024,7,10,47604,케이티알파(생일쿠폰),케이티알파,,"94,000",복리후생비,변동비
2024-07-10,2024,7,10,47604,서울시지방세,구청,,"1,979,310",세금과공과,고정비
2024-07-10,2024,7,10,47604,서울시지방세,구청,,"1,178,020",세금과공과,고정비
2024-07-10,2024,7,10,47604,사업소득세,세무서,,"124,500",세금과공과,고정비
2024-07-10,2024,7,10,47604,근로소득세(갑),세무서,,"19,672,500",세금과공과,고정비
2024-07-10,2024,7,10,47604,비즈플레이이용료,비즈플레이_주식회사,,"42,900",지급수수료,고정비
2024-07-10,2024,7,10,47604,2406산재보험,산재보험,,"1,420,470",보험료,고정비
2024-07-10,2024,7,10,47604,2406고용보험,고용보험,,"4,044,760",보험료,고정비
2024-07-10,2024,7,10,47604,2406국민연금,국민연금,,"17,047,440",세금과공과,고정비
2024-07-10,2024,7,10,47604,2406국민건강,건강보험,,"18,741,640",복리후생비,변동비
2024-07-08,2024,7,8,47604,특허법인_상표권등록조사,리앤목 특허법인,,"330,000",지급수수료,고정비
2024-07-15,2024,7,15,52604,마케팅_슈퍼워크,슈퍼워크,,"3,048,100",광고선전비,변동비
2024-07-15,2024,7,15,52604,포켓 5차 Idle RPG 장비 아이콘 제작 선수금 30%,주식회사 포캣,,"1,663,200",외주용역,변동비
2024-07-15,2024,7,15,52604,주식회사 슈퍼빌런랩스,슈퍼빌런랩스,,"50,000,000",내부이체,
2024-07-19,2024,7,19,47604,리앤목특허법인_상표권등록및조,리앤목 특허법인,,"7,941,720",지급수수료,고정비
2024-07-19,2024,7,19,47604,당발송금수수료(Ref No: 1340OTT240700355),하나은행,,"13,000",지급수수료,고정비
2024-07-19,2024,7,19,47604,OTT240700355,UNITY,,"369,097",지급수수료,고정비
2024-07-19,2024,7,19,47604,당발송금수수료(Ref No: 1340OTT240700354),하나은행,,"13,000",지급수수료,고정비
2024-07-19,2024,7,19,47604,OTT240700354,UNITY,,"249,978",지급수수료,고정비
2024-07-15,2024,7,15,47604,6월 법인카드대금_공용_피플팀,롯데카드,,"22,067,811",법인카드,변동비
2024-07-15,2024,7,15,47604,6월 법인카드대금_서비스이용료결제용,롯데카드,,"6,367,112",법인카드,변동비
2024-07-15,2024,7,15,47604,6월 법인카드대금_공용_광고비,롯데카드,,"3,190,000",법인카드,변동비
2024-07-15,2024,7,15,47604,6월 법인카드대금_개인_고정환,롯데카드,,"2,156,890",법인카드,변동비
2024-07-15,2024,7,15,47604,6월 법인카드대금_김민수,롯데카드,,"1,662,730",법인카드,변동비
2024-07-15,2024,7,15,47604,6월 법인카드대금_박성모,롯데카드,,"1,519,760",법인카드,변동비
2024-07-15,2024,7,15,47604,6월 법인카드대금_이규상,롯데카드,,"612,656",법인카드,변동비
2024-07-15,2024,7,15,47604,6월 법인카드대금_공용_사업팀,롯데카드,,"385,410",법인카드,변동비
2024-07-15,2024,7,15,47604,6월 법인카드대금_고상원,롯데카드,,"332,730",법인카드,변동비
2024-07-15,2024,7,15,47604,주식회사 슈퍼빌런랩스,슈퍼빌런랩스,"50,000,000",,내부이체,
2024-07-25,2024,7,25,52604,7월 급여,임직원,,"61,883,158",급여,고정비
2024-07-25,2024,7,25,52604,7월 급여,임직원,,"64,076,537",급여,고정비
2024-07-25,2024,7,25,52604,7월 급여,임직원,,"19,077,869",급여,고정비
2024-07-25,2024,7,25,52604,7월 급여,임직원,,"35,585,196",급여,고정비
2024-07-25,2024,7,25,52604,7월 급여,임직원,,"21,052,577",급여,고정비
2024-07-24,2024,7,24,52604,내부계좌이체,슈퍼빌런랩스,,"50,000,000",내부이체,
2024-07-25,2024,7,25,47604,외주용역비_장진영,장진영,,"1,616,060",사업소득,변동비
2024-07-25,2024,7,25,47604,장진영,장진영,,"531,850",사업소득,변동비
2024-07-25,2024,7,25,47604,한빛교육진흥원 주식,한빛교육진흥원 주식회사,,"390,000",교육훈련비,변동비
2024-07-25,2024,7,25,47604,KT4155102407,케이티,,"10,170",통신비,고정비
2024-07-24,2024,7,24,47604,하나카드결제,하나카드,,"8,208,089",법인카드,변동비
2024-07-24,2024,7,24,47604,주식회사 슈퍼빌런랩스,슈퍼빌런랩스,"50,000,000",,내부이체,
2024-07-23,2024,7,23,47604,하나카드기업,하나카드,,"7,321,586",법인카드,변동비
2024-08-02,2024,8,2,52604,구글코리아,KR-GOOGLE,241,,잡이익,
2024-08-01,2024,8,1,52604,내부계좌이체,슈퍼빌런랩스,,"50,000,000",내부이체,
2024-08-02,2024,8,2,47604,24년 1기 확정분 부가세 환급금,세무서,"34,478,470",,세금과공과,고정비
2024-08-01,2024,8,1,47604,당발송금수수료(Ref No: 1340OTT240800027),하나은행,,"28,000",지급수수료,고정비
2024-08-01,2024,8,1,47604,OTT240800027,Project-D Animation Studio,,"9,500,000",외주용역,변동비
2024-08-01,2024,8,1,47604,임차및전기료_포티에서초_8월,포티에서초,,"22,324,500",지급임차료,고정비
2024-08-01,2024,8,1,47604,임차및전기료_포티에서초_8월,포티에서초,,"752,268",건물관리비,고정비
2024-08-01,2024,8,1,47604,주식회사 슈퍼빌런랩스,슈퍼빌런랩스,"50,000,000",,내부이체,
2024-08-01,2024,8,1,47604,개인경비청구_조준현,임직원,,"38,400",여비교통비,변동비
2024-08-01,2024,8,1,47604,회계법인_기장료,한울회계법인,,"330,000",지급수수료,고정비
2024-08-01,2024,8,1,47604,생일쿠폰구매,케이티알파,,"188,000",복리후생비,변동비
2024-08-01,2024,8,1,47604,외주용역비_잔금_포캣,주식회사 포캣,,"3,880,800",외주용역,변동비
2024-08-01,2024,8,1,47604,식대충전_비즈플레이,비즈플레이_주식회사,,"6,300,000",복리후생비,변동비
2024-07-30,2024,7,30,47604,외주용역_애프터타임,(주)애프터타임,,"330,000",외주용역,변동비
2024-07-29,2024,7,29,47604,법무검토비용_최앤리,최앤리 법률사무소,,"3,300,000",지급수수료,고정비
2024-08-12,2024,8,12,47604,7월 지방소득세,구청,,"1,957,210",세금과공과,고정비
2024-08-12,2024,8,12,47604,주민세 사업소분,구청,,"62,500",세금과공과,고정비
2024-08-12,2024,8,12,47604,7월 주민세 종업원분,구청,,"1,169,070",세금과공과,고정비
2024-08-12,2024,8,12,47604,사업소득세,세무서,,"140,130",세금과공과,고정비
2024-08-12,2024,8,12,47604,근로소득세(갑),세무법인 혜움,,"19,434,020",세금과공과,고정비
2024-08-12,2024,8,12,47604,외주용역비_김민지,김민지,,"1,740,600",사업소득,변동비
2024-08-12,2024,8,12,47604,개인비용정산_박종화(택시),임직원,,"36,900",여비교통비,변동비
2024-08-12,2024,8,12,47604,개인비용정산_이상봉,임직원,,"73,500",여비교통비,변동비
2024-08-12,2024,8,12,47604,개인비용정산_조준현 (택시),임직원,,"48,600",여비교통비,변동비
2024-08-12,2024,8,12,47604,학자금상환_박종화,임직원,,"254,230",세금과공과,고정비
2024-08-12,2024,8,12,47604,비즈플레이이용료,비즈플레이_주식회사,,"42,900",지급수수료,고정비
2024-08-12,2024,8,12,47604,2407산재보험,산재보험,,"1,420,460",보험료,고정비
2024-08-12,2024,8,12,47604,2407고용보험,고용보험,,"4,044,740",보험료,고정비
2024-08-12,2024,8,12,47604,2407국민연금,국민연금,,"17,436,240",세금과공과,고정비
2024-08-12,2024,8,12,47604,2407국민건강,건강보험,,"18,741,640",복리후생비,변동비
2024-08-16,2024,8,16,47604,사업팀_광고비등록,롯데카드,,"8,995,438",법인카드,변동비
2024-08-16,2024,8,16,47604,이규상,롯데카드,,"591,250",법인카드,변동비
2024-08-16,2024,8,16,47604,공용_사업팀,롯데카드,,"352,770",법인카드,변동비
2024-08-16,2024,8,16,47604,서비스이용료결제용,롯데카드,,"6,996,527",법인카드,변동비
2024-08-16,2024,8,16,47604,김민수,롯데카드,,"1,544,830",법인카드,변동비
2024-08-16,2024,8,16,47604,고정환,롯데카드,,"2,595,267",법인카드,변동비
2024-08-16,2024,8,16,47604,박성모,롯데카드,,"2,185,560",법인카드,변동비
2024-08-16,2024,8,16,47604,고상원,롯데카드,,"1,525,700",법인카드,변동비
2024-08-16,2024,8,16,47604,공용_광고비,롯데카드,,"60,745,675",법인카드,변동비
2024-08-16,2024,8,16,47604,주식회사 슈퍼빌런랩스,슈퍼빌런랩스,"100,000,000",,내부이체,
2024-08-16,2024,8,16,47604,공용_광고비,롯데카드,,"937,340",법인카드,변동비
2024-08-16,2024,8,16,47604,해외출장용_사업,롯데카드,,"109,186",법인카드,변동비
2024-08-16,2024,8,16,47604,공용_피플팀,롯데카드,,"8,801,067",법인카드,변동비
2024-08-13,2024,8,13,47604,부의_허윤아님조모상,임직원,,"300,000",복리후생비,변동비
2024-08-16,2024,8,16,52604,내부계좌이체,슈퍼빌런랩스,,"100,000,000",내부이체,
2024-08-16,2024,8,16,52604,KR-GOOGLE,KR-GOOGLE,"4,322,200",,광고수익,#N/A
2024-08-23,2024,8,23,52604,운영비이체,슈퍼빌런랩스,,"50,000,000",내부이체,
2024-08-23,2024,8,23,52604,2408 급여,임직원,,"201,935,759",급여,고정비
2024-08-22,2024,8,22,52604,당발송금수수료(Ref No: 1340OTT240800359),하나은행,,"60,010",지급수수료,고정비
2024-08-22,2024,8,22,52604,"G23 PIMIFY CO., LTD.(OTT240800359)","G23 PIMIFY CO., LTD.",,"39,540,748",외주용역,변동비
2024-08-23,2024,8,23,47604,7월 전기료_포티에,포티에서초,,"1,205,864",지급임차료,고정비
2024-08-23,2024,8,23,47604,9월 임차료_포티에,포티에서초,,"22,324,500",건물관리비,고정비
2024-08-23,2024,8,23,47604,주식회사 슈퍼빌런랩스,슈퍼빌런랩스,"50,000,000",,내부이체,
2024-08-23,2024,8,23,47604,하나카드기업,하나카드,,"13,257,244",법인카드,변동비
2024-08-28,2024,8,28,52604,웹샵 매출,PAYPAL,"16,714,681",,웹샵 매출,매출
2024-08-30,2024,8,30,47604,부의_경조금(김용배),임직원,,"300,000",복리후생비,변동비
2024-08-30,2024,8,30,47604,개인비용정산_이성준,임직원,,"159,000",접대비,변동비
2024-08-30,2024,8,30,47604,생일쿠폰구매,케이티알파,,"198,000",복리후생비,변동비
2024-08-30,2024,8,30,47604,한울회계법인_기장수수료,한울회계법인,,"330,000",지급수수료,고정비
2024-08-30,2024,8,30,47604,외주용역비_김영옥(사운드),김영옥,,"4,835,000",사업소득,변동비
2024-08-30,2024,8,30,47604,식대충전_비플페이,비즈플레이_주식회사,,"5,200,000",복리후생비,변동비
2024-08-30,2024,8,30,47604,건강검진 비용_인터케어,인터케어내과의원,,"6,500,000",복리후생비,변동비
2024-08-26,2024,8,26,47604,인터넷전화요금,케이티,,"12,530",통신비,고정비
2024-09-05,2024,9,5,52604,애플 수입,APPLE INC,"5,340,235",,인앱 상품 매출,매출
2024-09-06,2024,9,6,47604,직무발명출원_리앤목특허법인,리앤목 특허법인,,"343,800",지급수수료,고정비
2024-09-09,2024,9,9,52604,내부계좌이체,슈퍼빌런랩스,,"100,000,000",내부이체,
2024-09-12,2024,9,12,47604,주민세종업원분_8월,구청,,"1,291,150",세금과공과,고정비
2024-09-12,2024,9,12,47604,지방세_8월,구청,,"2,068,980",세금과공과,고정비
2024-09-12,2024,9,12,47604,사업소득세_8월,세무서,,"154,560",세금과공과,고정비
2024-09-12,2024,9,12,47604,근로소득세 이체,세무서,,"20,537,440",세금과공과,고정비
2024-09-11,2024,9,11,47604,당발송금수수료(Ref No: 1340OTT240900211),하나은행,,"28,000",지급수수료,고정비
2024-09-11,2024,9,11,47604,OTT240900211,Project-D Animation Studio,,"11,700,000",외주용역,변동비
2024-09-11,2024,9,11,47604,로컬라이제이션비용_굿터치,굿터치 주식회사,,"2,724,425",외주용역,변동비
2024-09-11,2024,9,11,47604,학자금상환_박종화님,세무법인 혜움,,"254,230",세금과공과,고정비
2024-09-10,2024,9,10,47604,비즈플레이이용료,비즈플레이_주식회사,,"42,900",지급수수료,고정비
2024-09-10,2024,9,10,47604,2408산재보험,산재보험,,"1,420,470",보험료,고정비
2024-09-10,2024,9,10,47604,2408고용보험,고용보험,,"4,044,760",보험료,고정비
2024-09-10,2024,9,10,47604,2408국민연금,국민연금,,"17,436,240",세금과공과,고정비
2024-09-10,2024,9,10,47604,2408국민건강,건강보험,,"18,741,640",복리후생비,변동비
2024-09-09,2024,9,9,47604,주식회사 슈퍼빌런랩스,슈퍼빌런랩스,"100,000,000",,내부이체,
2024-09-13,2024,9,13,40238,,GOOGLE ASIA PACIFIC PTE LTD,"169,084",,광고수입,매출
2024-08-30,2024,8,30,40238,벨리데이터 수입,WAVEBRIDGE EU UAB,"91,096,168",,용역 매출,매출
2024-08-19,2024,8,19,40238,"48ITL240816611 (293.62 * @1,360.1)",APPLOVINCORPORATION,"399,352",,광고수입,매출
2024-09-21,2024,9,21,52604,예금이자,하나은행,"756,861",,이자수익,
2024-09-19,2024,9,19,52604,9월 인앱상품매출,구글페이먼트코리아유한회사,"9,966,913",,인앱 상품 매출,매출
2024-09-21,2024,9,21,47604,예금이자,하나은행,"7,751",,이자수익,
2024-09-19,2024,9,19,47604,8월 법인카드대금,롯데카드,,"3,406,740",법인카드,변동비
2024-09-19,2024,9,19,47604,8월 법인카드대금,롯데카드,,"6,629,503",법인카드,변동비
2024-09-19,2024,9,19,47604,8월 법인카드대금,롯데카드,,"2,128,430",법인카드,변동비
2024-09-19,2024,9,19,47604,8월 법인카드대금,롯데카드,,"1,774,020",법인카드,변동비
2024-09-19,2024,9,19,47604,8월 법인카드대금,롯데카드,,"854,690",법인카드,변동비
2024-09-19,2024,9,19,47604,8월 법인카드대금,롯데카드,,"100,420",법인카드,변동비
2024-09-19,2024,9,19,47604,8월 법인카드대금,롯데카드,,"961,457",법인카드,변동비
2024-09-19,2024,9,19,47604,8월 법인카드대금,롯데카드,,"349,260",법인카드,변동비
2024-09-19,2024,9,19,47604,8월 법인카드대금,롯데카드,,"203,780",법인카드,변동비
2024-09-19,2024,9,19,47604,8월 법인카드대금,롯데카드,,"1,697,600",법인카드,변동비
2024-09-19,2024,9,19,40238,"$978.97*@1,331",APPLOVINCORPORATION,"1,303,009",,광고수입,매출
2024-09-21,2024,9,21,40238,"예금이자 $0.41*1,331.8",하나은행,546,,이자수익,
2024-09-25,2024,9,25,52604,9월 급여,임직원,,"205,448,097",급여,고정비
2024-09-23,2024,9,23,52604,내부계좌이체,슈퍼빌런랩스,,"100,000,000",내부이체,
2024-09-25,2024,9,25,47604,전기료_8월,포티에서초,,"1,169,366",건물관리비,고정비
2024-09-25,2024,9,25,47604,임차료_10월,포티에서초,,"22,324,500",지급임차료,고정비
2024-09-25,2024,9,25,47604,건강검진 비용 환불_인터케어,인터케어내과의원,"250,000",,복리후생비,변동비
2024-09-25,2024,9,25,47604,인터넷전화요금,케이티,,"9,220",통신비,고정비
2024-09-23,2024,9,23,47604,특허출원비용_리앤목(착수금),리앤목 특허법인,,"1,650,000",지급수수료,고정비
2024-09-23,2024,9,23,47604,내부계좌이체,슈퍼빌런랩스,"100,000,000",,내부이체,
2024-09-23,2024,9,23,47604,8월 법인카드대금_하나,하나카드,,"10,295,985",법인카드,변동비
2024-10-04,2024,10,4,52604,애플 수입,APPLE INC,"5,360,760",,광고수입,매출
2024-10-02,2024,10,2,47604,워크샵예약금_버스대절,준투어,,"50,000",선급금,변동비
2024-10-02,2024,10,2,47604,워크샵예약금이체_워크안산,워크안산,,"50,000",선급금,변동비
2024-10-02,2024,10,2,47604,당발송금수수료(Ref No: 1340OTT241000002),하나은행,,"23,000",지급수수료,고정비
2024-10-02,2024,10,2,47604,OTT241000002,Project-D Animation Studio,,"3,312,500",외주용역,변동비
2024-09-30,2024,9,30,47604,기장수수료_한울회계법인,한울회계법인,,"330,000",지급수수료,고정비
2024-09-30,2024,9,30,47604,법무자문_최앤리,최앤리 법률사무소,,"2,475,000",지급수수료,고정비
2024-09-30,2024,9,30,47604,외주용역비_장진영,장진영,,"3,764,790",사업소득,변동비
2024-09-30,2024,9,30,47604,식대_10월(비즈플레이,비즈플레이_주식회사,,"6,600,000",복리후생비,변동비
2024-09-30,2024,9,30,47604,채용_탤런트버스_수수료,탤런트버스,,"13,200,000",지급수수료,고정비
2024-09-30,2024,9,30,47604,마케팅비_사업 (한국일보),한국일보 디지털,,"14,520,000",광고선전비,변동비
2024-10-10,2024,10,10,52604,내부계좌이체,슈퍼빌런랩스,,"70,000,000",내부이체,
2024-10-10,2024,10,10,47604,지방세_9월,구청,,"2,237,800",세금과공과,고정비
2024-10-10,2024,10,10,47604,주민세종업원분_9월,구청,,"1,206,410",세금과공과,고정비
2024-10-10,2024,10,10,47604,사업소득세,세무서,,"116,790",세금과공과,고정비
2024-10-10,2024,10,10,47604,기타소득세_코인 지급,세무서,,"1,855,580",세금과공과,고정비
2024-10-10,2024,10,10,47604,근로소득세,세무서,,"20,408,230",세금과공과,고정비
2024-10-10,2024,10,10,47604,용역대금_굿터치(로컬라이징),굿터치 주식회사,,"630,025",외주용역,변동비
2024-10-10,2024,10,10,47604,학자금상환_박종화,세무서,,"254,230",세금과공과,고정비
2024-10-10,2024,10,10,47604,비즈플레이이용료,비즈플레이_주식회사,,"44,000",지급수수료,고정비
2024-10-10,2024,10,10,47604,2409산재보험,산재보험,,"2,298,270",보험료,고정비
2024-10-10,2024,10,10,47604,2409고용보험,고용보험,,"6,510,910",보험료,고정비
2024-10-10,2024,10,10,47604,2409국민연금,국민연금,,"5,260,520",세금과공과,고정비
2024-10-10,2024,10,10,47604,주식회사 슈퍼빌런랩스,슈퍼빌런랩스,"70,000,000",,내부이체,
2024-10-10,2024,10,10,47604,2409국민연금,국민연금,,"12,607,720",세금과공과,고정비
2024-10-10,2024,10,10,47604,2409국민건강,건강보험,,"19,126,020",복리후생비,변동비
2024-10-11,2024,10,11,40238,당발송금수수료(Ref No: 1340OTT241000156),하나은행,,"34,976",지급수수료,고정비
2024-10-11,2024,10,11,40238,OTT241000156,"G23 PIMIFY CO., LTD.",,"10,727,730",외주용역,변동비
2024-10-16,2024,10,16,52604,인앱상품매출,구글페이먼트코리아유한회사,"9,952,585",,인앱 상품 매출,매출
2024-10-18,2024,10,18,47604,예약금 환불,워크안산,"50,000",,선급금,변동비
2024-10-15,2024,10,15,47604,9월 법인카드대금,롯데카드,,"421,611",법인카드,변동비
2024-10-15,2024,10,15,47604,9월 법인카드대금,롯데카드,,"297,640",법인카드,변동비
2024-10-15,2024,10,15,47604,9월 법인카드대금,롯데카드,,"1,119,970",법인카드,변동비
2024-10-15,2024,10,15,47604,9월 법인카드대금,롯데카드,,"3,313,908",법인카드,변동비
2024-10-15,2024,10,15,47604,9월 법인카드대금,롯데카드,,"5,495,285",법인카드,변동비
2024-10-15,2024,10,15,47604,9월 법인카드대금,롯데카드,,"883,310",법인카드,변동비
2024-10-15,2024,10,15,47604,9월 법인카드대금,롯데카드,,"2,279,120",법인카드,변동비
2024-10-15,2024,10,15,47604,9월 법인카드대금,롯데카드,,"595,100",법인카드,변동비
2024-10-15,2024,10,15,47604,9월 법인카드대금,롯데카드,,"677,179",법인카드,변동비
2024-10-15,2024,10,15,47604,9월 법인카드대금,롯데카드,,"497,280",법인카드,변동비
2024-10-17,2024,10,17,40238,현금출금수수료,하나은행,,"20,455",지급수수료,고정비
2024-10-17,2024,10,17,40238,러시아 출장비 출금,하나은행,,"1,363,700",출장비,변동비
2024-10-16,2024,10,16,40238,광고수입,APPLOVINCORPORATION,"679,982",,광고수입,매출
2024-10-25,2024,10,25,52064,2410 급여,임직원,,"211,915,126",급여,고정비
2024-10-24,2024,10,24,52064,내부계좌이체,슈퍼빌런랩스,,"50,000,000",내부이체,
2024-10-22,2024,10,22,52064,내부계좌이체,슈퍼빌런랩스,,"10,000,000",내부이체,
2024-10-25,2024,10,25,47604,전기료_9월,포티에서초,,"697,323",건물관리비,고정비
2024-10-25,2024,10,25,47604,임차료_11월,포티에서초,,"22,324,500",지급임차료,고정비
2024-10-25,2024,10,25,47604,인터넷전화요금,케이티,,"13,470",통신비,고정비
2024-10-24,2024,10,24,47604,내부계좌이체,슈퍼빌런랩스,"50,000,000",,내부이체,
2024-10-23,2024,10,23,47604,9월 법인카드대금,하나카드,,"19,232,088",법인카드,변동비
2024-10-22,2024,10,22,47604,내부계좌이체,슈퍼빌런랩스,"10,000,000",,내부이체,
2024-10-21,2024,10,21,47604,관광버스 예약금 환급,준투어,"50,000",,선급금,변동비
2024-10-31,2024,10,31,52604,,APPLE INC,"5,708,575",,인앱 상품 매출,매출
2024-10-30,2024,10,30,52604,,Tipalti,"183,009",,광고수입,매출
2024-10-31,2024,10,31,47604,기장수수료,한울회계법인,,"330,000",지급수수료,고정비
2024-10-31,2024,10,31,47604,11월 식대충전,비즈플레이_주식회사,,"6,800,000",선급금,변동비
2024-10-31,2024,10,31,47604,출장일비정산_이성준,임직원,,"750,000",출장비,변동비
2024-10-31,2024,10,31,47604,서비스비용_노드인프라,노드인프라,,"14,903,226",지급수수료,고정비
2024-10-29,2024,10,29,47604,공동인증서 갱신,하나은행,,"4,400",지급수수료,고정비
2024-10-25,2024,10,25,52604,2410 급여,임직원,,"211,915,126",급여,고정비
2024-10-24,2024,10,24,52604,내부계좌이체,슈퍼빌런랩스,,"50,000,000",내부이체,
2024-10-22,2024,10,22,52604,내부계좌이체,슈퍼빌런랩스,,"10,000,000",내부이체,
2024-10-23,2024,10,23,40238,구글광고수입,GOOGLE ASIA PACIFIC PTE LTD,"638,268",,광고수입,매출
2024-11-07,2024,11,7,52604,웹샵 매출,PAYPAL,"6,636,745",,웹샵 매출,매출
2024-11-15,2024,11,15,47604,사업팀_광고비등록_10월 법인카드대금,롯데카드,,"8,313,432",법인카드,변동비
2024-11-15,2024,11,15,47604,이규상_10월 법인카드대금,롯데카드,,"404,320",법인카드,변동비
2024-11-15,2024,11,15,47604,공용_사업팀_10월 법인카드대금,롯데카드,,"330,560",법인카드,변동비
2024-11-15,2024,11,15,47604,서비스이용료결제용_10월 법인카드대금,롯데카드,,"4,660,591",법인카드,변동비
2024-11-15,2024,11,15,47604,공용_광고비_10월 법인카드대금,롯데카드,,"8,232,653",법인카드,변동비
2024-11-15,2024,11,15,47604,공용_피플팀_10월 법인카드대금,롯데카드,,"10,559,991",법인카드,변동비
2024-11-15,2024,11,15,47604,개인_고정환_10월 법인카드대금,롯데카드,,"1,425,920",법인카드,변동비
2024-11-15,2024,11,15,47604,박성모_10월 법인카드대금,롯데카드,,"1,563,180",법인카드,변동비
2024-11-15,2024,11,15,47604,고상원_10월 법인카드대금,롯데카드,,"620,155",법인카드,변동비
2024-11-15,2024,11,15,47604,김민수_10월 법인카드대금,롯데카드,,"345,100",법인카드,변동비
2024-11-11,2024,11,11,47604,특허출원비용_리앤목(착수금),리앤목 특허법인,,"1,599,300",지급수수료,고정비
2024-11-11,2024,11,11,47604,식권이용료,비즈플레이_주식회사,,"45,100",지급수수료,고정비
2024-11-11,2024,11,11,47604,2410산재보험,산재보험,,"1,558,470",보험료,고정비
2024-11-11,2024,11,11,47604,2410고용보험,고용보험,,"4,437,670",보험료,고정비
2024-11-11,2024,11,11,47604,2410국민연금,국민연금,,"18,297,180",세금과공과,고정비
2024-11-11,2024,11,11,47604,2410국민건강,건강보험,,"10,865,900",복리후생비,변동비
2024-11-11,2024,11,11,47604,서울시지방세,구청,,"2,058,100",세금과공과,고정비
2024-11-11,2024,11,11,47604,서울시지방세,구청,,"1,222,110",세금과공과,고정비
2024-11-11,2024,11,11,47604,사업소득세,세무서,,"8,270",세금과공과,고정비
2024-11-11,2024,11,11,47604,근로소득세(갑),세무서,,"20,574,800",세금과공과,고정비
2024-11-11,2024,11,11,47604,외주용역비_유송이,유송이,,"266,612",사업소득,변동비
2024-11-11,2024,11,11,47604,로컬라이제이션_굿터치,굿터치 주식회사,,"364,375",외주용역,변동비
2024-11-11,2024,11,11,47604,학자금상환_박종화님,세무서,,"254,230",세금과공과,고정비
2024-11-11,2024,11,11,47604,내부계좌이체,슈퍼빌런랩스,"100,000,000",,내부이체,
2024-11-11,2024,11,11,47604,2410국민건강,건강보험,,"8,641,820",복리후생비,변동비
2024-11-11,2024,11,11,52604,내부계좌이체,슈퍼빌런랩스,,"100,000,000",내부이체,
2024-11-18,2024,11,18,52604,11월 구글 인앱상품매출,구글페이먼트코리아유한회사,"7,297,926",,인앱 상품 매출,매출
2024-11-20,2024,11,20,47604,등기 관련 공과금 (최앤리),최앤리 법률사무소,,"80,240",지급수수료,고정비
2024-11-20,2024,11,20,47604,정관변경 등기수수료_스톡옵션,주식회사 등기맨,,"376,200",지급수수료,고정비
2024-11-22,2024,11,22,40238,,GOOGLE ASIA PACIFIC PTE LTD,"1,048,826",,광고수입,매출
2024-11-18,2024,11,18,40238,"$631.48*1,402.8",APPLOVINCORPORATION,"885,840",,광고수입,매출
